{
	"manifest_version": 3,
	"name": "Fact Spreader",
	"version": "3.0.1",
	"description": "Highlight text and send it to LLMs (ChatGPT, Ollama) for instant fact-checking insights. Your personal verification workflow.",
	"permissions": [
		"storage",
		"activeTab",
		"clipboardWrite",
		"contextMenus"
	],
	"host_permissions": [
		"<all_urls>"
	],
	"action": {
		"default_popup": "popup.html",
		"default_icon": {
			"16": "favicon-16.png",
			"48": "favicon-48.png",
			"128": "favicon-128.png"
		}
	},
	"background": {
		"scripts": [
			"background.js"
		],
		"type": "module"
	},
	"content_scripts": [
		{
			"matches": [
				"<all_urls>"
			],
			"js": [
				"content.js"
			]
		}
	],
	"icons": {
		"16": "favicon-16.png",
		"48": "favicon-48.png",
		"128": "favicon-128.png"
	},
	"browser_specific_settings": {
		"gecko": {
			"id": "fact-check-extension@example.com",
			"strict_min_version": "142.0",
			"data_collection_permissions": {
				"required": [
					"websiteContent"
				],
				"optional": []
			}
		}
	}
}